product_id,category,animal,size,price,sales,rating,repeat_purchase
1,Food,Bird,Large,51.1,1860.62,7,1
2,Housing,Bird,Medium,35.98,963.6,6,0
3,Food,Dog,Medium,31.23,898.3,5,1
4,Medicine,Cat,Small,24.95,982.15,6,1
5,Housing,Cat,Small,26.18,832.63,7,1
6,Housing,Dog,Small,30.77,874.58,7,0
7,Housing,Dog,Small,31.04,875.07,5,0
8,Toys,Cat,Medium,28.9,1074.31,4,0
9,Equipment,Fish,Medium,17.82,503.67,5,0
10,Medicine,Dog,Medium,24.93,838.88,8,0
11,Food,Dog,Large,40.87,1457.22,7,1
12,Medicine,Bird,Medium,34.96,1204.6,5,1
13,Food,Dog,Medium,31.07,889.73,4,0
14,Food,Dog,Large,40.8,1450.5,6,1
15,Accessory,Bird,Medium,33.13,859.29,4,1
16,Accessory,Bird,Large,43.09,1418.72,1,1
17,Equipment,Cat,Small,28.29,1040.51,5,1
18,Toys,Bird,Medium,43.91,1521.51,3,1
19,Toys,Cat,Small,33.87,1333.9,6,0
20,Toys,Dog,Large,44.0,1792.63,7,1
21,Food,Fish,Medium,,542.06,0,0
22,Food,Dog,Large,41.0,1456.58,3,0
23,Unknown,Bird,Medium,32.98,859.94,3,0
24,Equipment,Cat,Medium,22.99,790.26,4,0
25,Toys,Dog,Small,38.99,1410.66,3,0
26,Housing,Bird,Large,45.83,1551.24,4,1
27,Equipment,Cat,Small,28.24,1046.0,4,0
28,Equipment,Cat,Small,28.19,1036.72,5,1
29,Equipment,Cat,Small,27.79,1031.11,7,1
30,Toys,Dog,Small,38.86,1405.4,5,1
31,Equipment,Fish,Small,22.89,706.94,3,1
32,Housing,Cat,Small,26.07,830.8,7,0
33,Equipment,Cat,Small,28.02,1027.95,6,0
34,Toys,Fish,Medium,23.99,743.83,5,0
35,Equipment,Cat,Small,28.25,1039.58,6,1
36,Food,Dog,Medium,30.87,879.37,4,1
37,Equipment,Cat,Small,28.09,1034.96,7,1
38,Toys,Fish,Small,29.01,966.05,2,0
39,Housing,Fish,Large,26.13,783.84,6,1
40,Toys,Bird,Large,54.03,2248.63,5,0
41,Food,Cat,Small,31.2,1074.63,3,1
42,Food,Cat,Small,30.92,1064.79,7,0
43,Housing,Cat,Medium,20.95,615.07,5,1
44,Equipment,Fish,Medium,17.98,506.75,3,1
45,Medicine,Bird,Medium,,1209.41,0,0
46,Accessory,Dog,Large,32.98,1063.91,5,1
47,Toys,Cat,Small,,1367.47,0,1
48,Equipment,Cat,Small,27.7,1022.95,8,0
49,Medicine,Cat,Small,24.8,978.64,6,1
50,Food,Cat,Small,31.2,1074.1,6,0
51,Food,Cat,Small,31.09,1071.72,6,0
52,Medicine,Fish,Small,19.83,658.66,7,1
53,Accessory,Dog,Large,33.15,1068.44,7,0
54,Food,Fish,Medium,21.25,548.05,4,0
55,Equipment,Dog,Large,38.06,1449.87,5,1
56,Food,Cat,Small,30.89,1059.94,6,0
57,Medicine,Dog,Large,35.04,1424.02,6,1
58,Housing,Dog,Medium,26.03,678.99,3,0
59,Toys,Dog,Medium,33.94,1152.57,6,0
60,Housing,Cat,Small,25.81,814.06,3,0
61,Accessory,Dog,Large,32.99,1068.83,4,1
62,Equipment,Fish,Medium,17.9,506.2,3,1
63,Food,Fish,Large,30.96,1016.49,5,0
64,Food,Dog,Large,40.93,1459.08,3,0
65,Medicine,Dog,Medium,24.98,836.05,5,1
66,Housing,Cat,Small,26.08,831.86,4,1
67,Equipment,Fish,Small,23.08,710.55,5,0
68,Housing,Dog,Medium,26.0,675.06,3,1
69,Equipment,Cat,Medium,22.95,790.28,6,0
70,Toys,Dog,Small,39.03,1411.58,6,0
71,Equipment,Dog,Large,,1446.43,0,0
72,Medicine,Bird,Medium,34.96,1207.21,6,1
73,Unknown,Dog,Small,33.13,1101.89,4,0
74,Food,Bird,Large,,1864.01,0,0
75,Equipment,Fish,Small,23.19,706.38,6,1
76,Food,Fish,Large,31.0,1023.95,6,1
77,Housing,Cat,Medium,21.05,614.54,3,1
78,Food,Cat,Small,31.5,1090.84,6,0
79,Medicine,Cat,Small,24.7,975.88,6,1
80,Accessory,Dog,Small,27.76,764.19,3,0
81,Accessory,Cat,Medium,18.06,518.45,6,1
82,Equipment,Fish,Small,22.99,709.87,2,0
83,Equipment,Cat,Small,28.43,1047.28,5,1
84,Toys,Bird,Medium,43.99,1534.9,7,0
85,Equipment,Dog,Medium,,870.15,0,1
86,Food,Bird,Medium,41.03,1206.69,6,1
87,Equipment,Cat,Small,28.28,1042.37,5,0
88,Food,Dog,Large,40.93,1463.29,4,1
89,Housing,Cat,Small,25.96,825.63,4,0
90,Equipment,Cat,Small,,1014.17,0,0
91,Equipment,Cat,Small,27.86,1022.0,6,1
92,Toys,Dog,Small,38.95,1418.52,6,1
93,Housing,Bird,Medium,36.22,965.85,4,0
94,Accessory,Dog,Medium,23.02,578.95,5,0
95,Housing,Cat,Small,,821.2,0,0
96,Housing,Cat,Medium,21.14,617.64,7,1
97,Accessory,Bird,Large,42.99,1417.24,5,0
98,Equipment,Cat,Small,27.95,1026.77,6,1
99,Equipment,Dog,Large,38.0,1447.26,5,0
100,Equipment,Cat,Small,28.2,1035.18,6,1
101,Housing,Dog,Small,,892.3,0,1
102,Toys,Dog,Small,39.16,1425.23,3,1
103,Medicine,Dog,Medium,25.07,846.96,4,0
104,Medicine,Fish,Medium,15.0,464.88,6,1
105,Housing,Bird,Medium,35.95,962.13,2,1
106,Equipment,Cat,Small,27.86,1027.49,3,0
107,Medicine,Cat,Large,30.03,1321.82,8,1
108,Equipment,Fish,Small,22.98,712.43,6,0
109,Equipment,Cat,Small,27.97,1028.72,5,1
110,Toys,Fish,Small,28.74,969.57,4,1
111,Equipment,Dog,Small,,1112.08,0,1
112,Food,Cat,Medium,26.05,829.81,6,1
113,Housing,Bird,Large,45.99,1558.19,6,0
114,Housing,Cat,Small,25.83,821.45,8,0
115,Equipment,Dog,Small,32.98,1106.85,6,1
116,Accessory,Fish,Large,22.75,670.79,3,0
117,Toys,Fish,Large,,1300.33,0,1
118,Equipment,Cat,Small,28.03,1029.38,6,1
119,Equipment,Cat,Small,27.7,1021.27,4,0
120,Toys,Cat,Medium,29.02,1073.29,6,1
121,Food,Dog,Small,,1132.38,0,0
122,Equipment,Cat,Medium,23.19,801.04,3,1
123,Food,Dog,Medium,30.92,885.87,4,1
124,Housing,Dog,Medium,26.32,685.86,2,1
125,Equipment,Cat,Small,28.2,1047.38,5,0
126,Equipment,Cat,Small,27.99,1028.27,6,0
127,Medicine,Cat,Small,25.07,999.58,8,1
128,Toys,Fish,Medium,,747.58,0,0
129,Equipment,Cat,Medium,22.98,795.34,7,0
130,Toys,Fish,Large,34.18,1307.35,4,0
131,Housing,Fish,Small,21.07,538.15,4,1
132,Equipment,Cat,Small,,1038.07,0,1
133,Housing,Bird,Large,,1556.37,0,1
134,Housing,Fish,Small,,529.96,0,1
135,Food,Dog,Large,,1451.97,0,0
136,Medicine,Bird,Small,,1495.56,0,1
137,Housing,Cat,Small,25.97,823.94,5,1
138,Equipment,Fish,Small,23.14,711.93,4,0
139,Accessory,Bird,Large,42.85,1411.53,5,0
140,Toys,Cat,Small,34.08,1348.96,6,1
141,Toys,Dog,Small,,1390.98,0,1
142,Equipment,Cat,Medium,22.97,790.52,5,1
143,Toys,Fish,Medium,24.24,749.2,6,1
144,Food,Bird,Medium,41.02,1204.42,3,1
145,Equipment,Cat,Small,27.95,1025.34,8,0
146,Food,Dog,Large,41.04,1456.69,8,0
147,Equipment,Fish,Small,22.68,697.2,2,0
148,Medicine,Cat,Small,24.83,981.35,7,1
149,Equipment,Cat,Small,27.77,1022.07,5,0
150,Equipment,Cat,Small,27.99,1026.36,6,1
151,Food,Bird,Large,50.92,1859.84,5,1
152,Food,Dog,Large,41.01,1464.8,4,1
153,Housing,Bird,Medium,36.08,962.39,5,1
154,Housing,Cat,Medium,21.12,619.13,4,1
155,Housing,Fish,Medium,16.11,373.72,5,0
156,Food,Cat,Small,30.96,1059.68,7,1
157,Food,Bird,Small,45.83,1460.05,6,1
158,Medicine,Dog,Small,29.99,1088.15,3,0
159,Accessory,Dog,Medium,,583.06,0,0
160,Toys,Fish,Large,34.17,1299.15,5,1
161,Medicine,Fish,Small,19.76,657.92,3,1
162,Food,Dog,Medium,30.86,880.28,5,1
163,Housing,Cat,Small,26.13,827.52,6,1
164,Medicine,Fish,Large,24.94,941.39,6,0
165,Food,Bird,Large,51.18,1869.97,6,1
166,Medicine,Cat,Medium,20.06,741.16,4,0
167,Equipment,Cat,Small,27.93,1031.5,6,1
168,Food,Cat,Medium,26.24,837.67,6,1
169,Food,Cat,Medium,25.88,825.61,5,1
170,Equipment,Cat,Small,28.17,1041.59,3,0
171,Toys,Dog,Small,39.26,1412.54,4,0
172,Toys,Cat,Small,34.17,1350.32,8,0
173,Equipment,Cat,Small,28.07,1034.36,5,1
174,Unknown,Bird,Large,51.1,1868.47,5,0
175,Toys,Cat,Small,34.03,1338.54,6,0
176,Food,Bird,Medium,41.08,1204.46,4,1
177,Medicine,Dog,Medium,25.05,844.17,5,1
178,Medicine,Cat,Medium,19.88,734.01,8,0
179,Unknown,Bird,Large,50.99,1855.16,5,1
180,Housing,Fish,Medium,15.91,367.02,5,0
181,Housing,Fish,Small,20.79,529.93,3,0
182,Food,Bird,Medium,40.88,1206.88,7,1
183,Food,Fish,Small,26.3,740.93,3,1
184,Equipment,Cat,Medium,22.86,787.87,4,1
185,Toys,Cat,Small,34.11,1345.58,6,1
186,Toys,Dog,Medium,34.02,1158.66,5,0
187,Housing,Cat,Large,,1125.8,0,1
188,Medicine,Fish,Small,20.03,663.35,5,1
189,Food,Fish,Small,26.67,752.3,3,1
190,Food,Dog,Large,41.15,1467.02,6,0
191,Equipment,Dog,Small,33.1,1118.36,3,0
192,Equipment,Cat,Small,28.31,1048.92,8,1
193,Medicine,Dog,Medium,25.06,842.46,3,1
194,Medicine,Dog,Small,,1081.7,0,1
195,Food,Cat,Small,31.04,1074.04,4,0
196,Equipment,Cat,Small,27.98,1029.34,7,0
197,Medicine,Cat,Small,25.02,992.22,6,1
198,Equipment,Cat,Small,27.65,1019.82,6,0
199,Equipment,Dog,Small,33.09,1110.67,3,1
200,Equipment,Dog,Medium,28.0,873.45,2,1
201,Toys,Dog,Small,,1407.71,0,1
202,Equipment,Fish,Small,23.01,703.91,3,1
203,Food,Bird,Small,46.02,1470.55,2,1
204,Housing,Bird,Large,45.94,1541.46,5,0
205,Equipment,Cat,Small,28.04,1039.48,5,1
206,Toys,Dog,Small,38.87,1408.33,4,1
207,Medicine,Cat,Medium,20.05,740.8,4,0
208,Medicine,Fish,Small,19.86,659.93,3,0
209,Food,Dog,Small,35.99,1122.98,5,1
210,Equipment,Cat,Small,,1033.55,0,1
211,Equipment,Fish,Small,22.9,700.8,3,0
212,Toys,Cat,Small,,1383.43,0,0
213,Toys,Bird,Small,48.91,1816.23,6,1
214,Housing,Cat,Small,25.91,822.17,4,1
215,Food,Bird,Small,45.83,1461.36,4,0
216,Accessory,Dog,Large,33.03,1062.88,4,1
217,Equipment,Cat,Small,27.89,1029.56,3,1
218,Food,Dog,Small,35.97,1111.28,3,0
219,Toys,Cat,Large,,1729.76,0,0
220,Equipment,Fish,Small,23.16,710.4,2,0
221,Housing,Dog,Large,35.89,1177.84,5,1
222,Food,Fish,Small,25.84,729.2,4,1
223,Medicine,Dog,Large,34.85,1416.51,7,1
224,Accessory,Fish,Large,22.94,669.84,5,1
225,Food,Fish,Large,31.08,1020.19,3,0
226,Medicine,Cat,Small,25.16,989.87,4,1
227,Housing,Fish,Large,26.13,786.17,4,1
228,Food,Bird,Large,50.84,1846.82,6,1
229,Equipment,Dog,Small,32.91,1093.36,3,0
230,Equipment,Cat,Small,28.17,1034.28,5,0
231,Medicine,Dog,Large,,1423.72,0,0
232,Food,Fish,Small,25.83,731.17,6,0
233,Unknown,Cat,Small,27.74,1024.25,6,1
234,Food,Cat,Large,36.03,1400.69,7,1
235,Food,Dog,Medium,30.75,880.03,5,0
236,Accessory,Bird,Large,,1411.55,0,1
237,Equipment,Fish,Small,23.05,699.21,3,1
238,Toys,Fish,Medium,24.05,747.39,6,0
239,Equipment,Cat,Small,27.96,1037.79,5,0
240,Toys,Cat,Small,33.93,1343.52,6,1
241,Equipment,Cat,Medium,23.28,801.56,3,1
242,Toys,Cat,Small,34.01,1347.06,7,1
243,Housing,Fish,Medium,16.23,375.37,4,0
244,Housing,Dog,Small,30.92,876.82,6,1
245,Toys,Fish,Medium,24.03,745.79,4,0
246,Medicine,Cat,Medium,19.87,734.24,3,1
247,Equipment,Cat,Small,27.97,1034.03,4,0
248,Food,Fish,Medium,21.02,544.63,2,1
249,Accessory,Bird,Large,42.97,1420.58,6,1
250,Toys,Dog,Large,,1795.05,0,0
251,Equipment,Dog,Large,38.32,1461.63,6,0
252,Medicine,Cat,Small,24.96,984.98,7,1
253,Accessory,Cat,Small,23.07,722.66,5,1
254,Accessory,Fish,Medium,12.89,288.01,3,0
255,Medicine,Cat,Small,25.09,989.83,6,1
256,Equipment,Dog,Small,32.96,1106.18,5,1
257,Housing,Cat,Small,,823.68,0,1
258,Housing,Fish,Small,21.22,540.81,3,0
259,Equipment,Cat,Small,28.33,1044.42,4,0
260,Toys,Dog,Small,38.89,1417.68,5,0
261,Food,Dog,Small,35.87,1118.67,6,1
262,Equipment,Cat,Small,28.03,1034.78,6,1
263,Food,Fish,Small,25.92,729.11,4,1
264,Equipment,Fish,Medium,18.08,511.72,5,1
265,Toys,Cat,Small,33.87,1350.59,6,0
266,Equipment,Cat,Small,,1030.43,0,0
267,Toys,Fish,Small,28.92,964.24,4,1
268,Unknown,Fish,Small,23.12,708.32,4,1
269,Equipment,Cat,Small,27.87,1020.96,5,1
270,Medicine,Bird,Medium,35.03,1207.13,6,1
271,Toys,Dog,Medium,33.93,1144.31,5,0
272,Food,Dog,Large,41.04,1470.65,6,1
273,Housing,Dog,Small,31.23,884.46,3,1
274,Equipment,Fish,Small,22.93,703.79,5,1
275,Medicine,Fish,Medium,15.03,464.98,3,1
276,Toys,Cat,Medium,29.01,1074.06,3,1
277,Accessory,Dog,Medium,,574.23,0,1
278,Food,Dog,Small,35.99,1120.11,4,0
279,Medicine,Cat,Small,,986.94,0,0
280,Toys,Dog,Large,43.9,1795.77,5,1
281,Equipment,Cat,Small,28.2,1034.1,3,1
282,Toys,Fish,Small,29.0,972.44,8,1
283,Housing,Cat,Large,31.04,1124.81,5,1
284,Food,Cat,Medium,26.1,834.51,4,0
285,Food,Dog,Large,41.11,1467.21,4,1
286,Equipment,Cat,Small,,1029.17,0,1
287,Equipment,Cat,Medium,,798.26,0,0
288,Equipment,Cat,Small,28.1,1043.5,7,0
289,Housing,Fish,Medium,,363.73,0,1
290,Equipment,Cat,Small,27.82,1026.3,8,1
291,Toys,Cat,Small,34.0,1346.68,5,0
292,Food,Bird,Large,50.9,1861.97,4,1
293,Food,Bird,Large,50.98,1864.04,6,0
294,Toys,Cat,Medium,29.19,1087.59,4,1
295,Toys,Bird,Large,54.05,2249.4,4,0
296,Toys,Fish,Medium,24.16,747.43,4,1
297,Toys,Bird,Medium,43.92,1525.97,6,1
298,Equipment,Fish,Small,,712.28,0,1
299,Medicine,Fish,Medium,15.05,464.52,6,1
300,Accessory,Dog,Small,27.82,772.16,5,1
301,Food,Cat,Medium,26.06,832.08,6,1
302,Toys,Cat,Small,33.91,1346.02,6,0
303,Equipment,Cat,Small,28.0,1025.83,4,1
304,Food,Fish,Large,30.97,1014.57,3,1
305,Equipment,Fish,Small,22.98,707.63,5,0
306,Toys,Cat,Small,33.97,1349.03,6,1
307,Equipment,Cat,Small,,1034.74,0,1
308,Equipment,Cat,Medium,22.93,787.3,3,1
309,Toys,Cat,Small,34.12,1364.65,6,0
310,Accessory,Dog,Medium,22.92,577.97,3,0
311,Medicine,Dog,Medium,25.19,846.27,5,1
312,Food,Dog,Medium,30.85,885.8,4,1
313,Food,Dog,Medium,,882.34,0,1
314,Equipment,Cat,Small,28.18,1036.46,6,0
315,Accessory,Bird,Medium,33.1,860.69,5,0
316,Housing,Dog,Small,30.82,881.02,4,1
317,Equipment,Cat,Small,28.42,1045.29,5,1
318,Food,Cat,Medium,26.08,837.94,4,1
319,Food,Fish,Medium,20.89,538.41,5,0
320,Accessory,Bird,Medium,,859.11,0,1
321,Housing,Cat,Small,25.81,820.54,5,1
322,Equipment,Cat,Small,27.91,1030.16,5,0
323,Food,Bird,Medium,41.01,1210.66,4,0
324,Toys,Cat,Small,33.84,1346.25,5,1
325,Toys,Cat,Small,34.53,1356.71,8,1
326,Food,Fish,Medium,21.02,543.87,4,0
327,Equipment,Fish,Small,23.28,716.79,4,1
328,Toys,Cat,Medium,28.86,1064.54,5,1
329,Food,Bird,Large,,1859.03,0,1
330,Equipment,Fish,Small,23.02,708.63,6,1
331,Equipment,Cat,Small,27.98,1036.31,7,1
332,Food,Dog,Large,41.14,1466.3,6,1
333,Food,Fish,Large,30.99,1020.05,6,1
334,Housing,Dog,Medium,25.99,673.68,5,1
335,Toys,Dog,Small,39.0,1411.57,6,1
336,Housing,Dog,Medium,25.98,674.22,4,0
337,Equipment,Cat,Small,27.84,1030.21,4,0
338,Food,Fish,Medium,21.02,543.97,3,1
339,Food,Bird,Medium,41.0,1208.27,5,1
340,Toys,Fish,Small,29.13,965.84,5,1
341,Medicine,Fish,Small,19.84,657.38,5,0
342,Medicine,Cat,Small,24.85,981.18,4,0
343,Toys,Fish,Large,33.78,1283.93,4,1
344,Unknown,Cat,Small,27.78,1026.38,6,0
345,Food,Fish,Medium,21.02,540.34,2,0
346,Accessory,Bird,Medium,33.15,860.51,6,1
347,Accessory,Cat,Small,,706.7,0,1
348,Equipment,Dog,Medium,28.05,870.3,3,1
349,Medicine,Bird,Medium,34.96,1200.15,4,0
350,Housing,Dog,Small,30.73,869.43,6,1
351,Medicine,Fish,Small,19.99,663.63,6,1
352,Equipment,Cat,Small,28.11,1040.53,7,1
353,Housing,Bird,Large,46.16,1557.58,3,1
354,Accessory,Bird,Large,42.93,1409.97,3,1
355,Equipment,Cat,Small,27.99,1044.51,8,1
356,Medicine,Bird,Medium,34.88,1198.81,4,1
357,Equipment,Cat,Small,28.36,1044.03,5,0
358,Toys,Cat,Small,33.99,1345.66,6,0
359,Toys,Bird,Medium,44.07,1517.76,5,1
360,Housing,Dog,Small,31.22,877.81,3,1
361,Housing,Dog,Medium,,674.73,0,1
362,Housing,Bird,Large,46.11,1565.71,7,0
363,Equipment,Fish,Small,22.91,700.94,3,1
364,Accessory,Bird,Medium,33.11,864.73,4,1
365,Accessory,Dog,Large,32.79,1060.94,5,0
366,Equipment,Cat,Medium,23.07,799.68,5,1
367,Equipment,Cat,Small,27.81,1025.05,7,1
368,Food,Dog,Medium,30.89,885.79,5,0
369,Equipment,Cat,Small,27.92,1031.79,3,1
370,Unknown,Dog,Large,,1462.67,0,1
371,Medicine,Fish,Small,20.03,665.55,6,1
372,Toys,Fish,Small,28.97,961.73,4,1
373,Equipment,Fish,Medium,18.12,514.67,3,1
374,Food,Fish,Medium,21.04,540.38,5,1
375,Housing,Fish,Medium,,370.28,0,0
376,Equipment,Cat,Small,27.9,1026.74,6,0
377,Equipment,Cat,Medium,22.88,789.06,4,1
378,Medicine,Fish,Small,20.21,666.75,4,1
379,Equipment,Cat,Small,27.88,1032.4,7,1
380,Food,Dog,Small,35.76,1112.35,4,1
381,Food,Fish,Small,25.76,731.75,4,1
382,Medicine,Cat,Small,24.94,979.15,9,0
383,Food,Fish,Small,26.05,747.96,2,1
384,Equipment,Dog,Medium,28.0,871.81,5,1
385,Toys,Fish,Large,34.09,1301.35,9,1
386,Equipment,Fish,Medium,18.08,510.02,4,1
387,Housing,Dog,Small,30.86,871.1,3,0
388,Food,Dog,Medium,31.08,889.15,5,0
389,Medicine,Bird,Medium,35.11,1216.53,6,0
390,Equipment,Fish,Small,22.93,702.94,5,0
391,Food,Bird,Medium,40.89,1208.03,4,1
392,Housing,Dog,Medium,25.92,674.67,6,1
393,Equipment,Cat,Small,28.15,1034.36,7,1
394,Medicine,Cat,Medium,,745.83,0,1
395,Housing,Bird,Medium,,958.94,0,0
396,Toys,Fish,Medium,23.86,741.11,6,1
397,Medicine,Dog,Medium,24.8,837.19,4,0
398,Equipment,Fish,Small,23.11,716.78,5,0
399,Toys,Fish,Large,33.97,1289.12,6,0
400,Accessory,Dog,Large,33.14,1065.51,2,0
401,Equipment,Cat,Small,28.06,1030.25,7,0
402,Toys,Fish,Small,28.85,971.26,4,0
403,Accessory,Bird,Large,42.88,1416.28,5,1
404,Housing,Fish,Small,21.36,541.92,4,1
405,Food,Bird,Large,50.92,1849.66,5,0
406,Food,Cat,Small,,1065.98,0,1
407,Medicine,Fish,Small,19.95,665.53,6,0
408,Toys,Cat,Small,34.24,1361.1,8,0
409,Equipment,Cat,Small,28.04,1035.07,4,0
410,Food,Bird,Medium,41.13,1211.2,5,0
411,Housing,Cat,Small,26.19,826.92,3,1
412,Housing,Cat,Small,26.44,834.68,4,0
413,Housing,Dog,Medium,26.01,673.05,3,0
414,Equipment,Cat,Small,27.98,1036.29,6,0
415,Equipment,Cat,Small,,1036.69,0,0
416,Equipment,Cat,Small,27.94,1035.28,3,1
417,Food,Fish,Medium,20.92,539.64,1,1
418,Housing,Cat,Large,31.16,1138.04,7,0
419,Toys,Fish,Small,29.13,973.42,6,0
420,Equipment,Fish,Small,22.87,700.78,5,1
421,Housing,Cat,Medium,21.03,616.66,6,1
422,Food,Bird,Large,50.91,1854.43,7,1
423,Equipment,Cat,Small,27.94,1034.34,5,1
424,Housing,Bird,Small,41.01,1191.23,5,0
425,Equipment,Cat,Small,27.82,1031.78,6,0
426,Housing,Fish,Large,26.0,782.43,4,0
427,Unknown,Cat,Medium,,1080.53,0,0
428,Equipment,Dog,Small,32.95,1104.95,5,0
429,Food,Dog,Small,36.04,1119.84,7,0
430,Medicine,Dog,Small,30.18,1096.79,4,1
431,Toys,Fish,Small,29.02,975.45,6,1
432,Accessory,Dog,Large,33.1,1062.62,5,0
433,Toys,Dog,Small,38.84,1417.22,6,1
434,Food,Bird,Small,45.78,1456.48,6,0
435,Housing,Cat,Small,26.29,834.96,5,1
436,Food,Fish,Medium,20.87,543.76,4,1
437,Toys,Cat,Small,33.89,1340.5,9,1
438,Equipment,Cat,Small,28.04,1040.72,6,1
439,Food,Dog,Medium,31.19,898.42,3,1
440,Toys,Cat,Small,34.47,1374.79,4,0
441,Housing,Cat,Medium,21.03,617.98,3,0
442,Toys,Bird,Medium,43.95,1522.52,4,1
443,Food,Dog,Large,40.99,1464.54,5,0
444,Equipment,Fish,Medium,18.01,510.19,2,1
445,Toys,Fish,Medium,24.06,744.96,5,1
446,Equipment,Cat,Small,27.99,1029.53,5,1
447,Food,Bird,Medium,40.9,1216.38,5,1
448,Toys,Fish,Medium,24.02,742.64,5,1
449,Toys,Bird,Large,54.16,2248.04,8,1
450,Toys,Cat,Small,34.1,1344.84,6,0
451,Housing,Cat,Small,26.08,822.27,4,1
452,Accessory,Bird,Large,42.82,1417.18,4,0
453,Toys,Fish,Small,28.98,973.92,6,1
454,Accessory,Bird,Large,43.12,1434.65,5,0
455,Accessory,Cat,Medium,17.95,512.36,3,0
456,Accessory,Bird,Large,42.92,1411.82,4,0
457,Food,Fish,Small,26.33,750.33,5,1
458,Medicine,Cat,Small,25.17,994.41,9,1
459,Medicine,Bird,Large,45.06,1871.35,8,0
460,Medicine,Cat,Small,24.76,970.57,7,1
461,Medicine,Fish,Small,20.09,669.38,6,1
462,Housing,Dog,Small,31.09,886.84,3,1
463,Medicine,Dog,Small,29.98,1081.52,7,1
464,Medicine,Fish,Small,19.98,662.74,3,1
465,Equipment,Cat,Medium,22.99,794.74,5,0
466,Food,Cat,Medium,26.15,836.75,4,1
467,Toys,Bird,Large,53.97,2246.77,8,1
468,Housing,Dog,Small,30.96,868.61,6,0
469,Accessory,Bird,Large,43.04,1422.27,5,1
470,Food,Bird,Large,51.04,1861.15,4,1
471,Toys,Cat,Small,,1354.1,0,1
472,Medicine,Dog,Medium,,842.07,0,0
473,Equipment,Cat,Medium,23.14,797.38,6,0
474,Equipment,Cat,Small,28.3,1047.8,3,0
475,Medicine,Cat,Medium,19.94,735.52,6,1
476,Food,Fish,Small,26.22,735.94,2,0
477,Medicine,Fish,Medium,14.99,461.05,5,1
478,Accessory,Dog,Medium,22.98,578.38,3,1
479,Toys,Dog,Small,38.98,1415.14,4,0
480,Equipment,Fish,Small,23.09,710.71,6,0
481,Medicine,Dog,Medium,25.06,842.67,5,1
482,Food,Dog,Medium,,888.34,0,0
483,Medicine,Dog,Medium,,840.67,0,1
484,Toys,Fish,Small,29.01,971.13,6,0
485,Medicine,Bird,Small,39.79,1476.14,5,1
486,Accessory,Bird,Large,43.03,1424.58,5,1
487,Medicine,Cat,Small,24.74,977.78,7,1
488,Housing,Fish,Medium,15.95,369.07,3,1
489,Equipment,Fish,Small,23.07,702.33,5,0
490,Housing,Dog,Small,30.93,886.42,6,1
491,Equipment,Cat,Small,27.83,1025.24,4,1
492,Toys,Cat,Small,,1371.3,0,1
493,Housing,Dog,Small,30.81,864.88,3,1
494,Food,Bird,Medium,40.83,1196.56,4,1
495,Food,Dog,Large,40.91,1460.29,6,1
496,Food,Fish,Small,25.7,727.87,3,1
497,Food,Cat,Small,31.03,1072.2,6,1
498,Equipment,Dog,Large,37.89,1440.06,4,1
499,Equipment,Cat,Medium,22.9,787.62,6,0
500,Toys,Fish,Large,34.17,1296.58,5,1
501,Housing,Cat,Small,,830.74,0,0
502,Housing,Bird,Medium,36.01,962.21,5,0
503,Housing,Fish,Medium,16.17,374.04,4,1
504,Medicine,Cat,Medium,,735.57,0,0
505,Housing,Fish,Medium,15.94,365.3,4,0
506,Housing,Bird,Small,40.97,1204.78,6,1
507,Accessory,Bird,Medium,33.04,861.89,5,1
508,Housing,Dog,Medium,26.2,678.22,2,1
509,Toys,Dog,Small,39.19,1419.66,3,1
510,Medicine,Cat,Medium,19.97,736.3,6,1
511,Housing,Dog,Medium,26.03,675.41,7,0
512,Food,Cat,Large,36.0,1408.16,6,1
513,Toys,Dog,Small,38.66,1403.4,5,0
514,Toys,Fish,Medium,23.95,742.87,7,1
515,Accessory,Dog,Medium,22.88,577.12,4,0
516,Housing,Fish,Large,25.93,784.8,3,1
517,Medicine,Cat,Small,25.29,1001.91,7,1
518,Toys,Dog,Large,44.03,1797.02,7,1
519,Food,Cat,Medium,25.9,831.78,3,1
520,Medicine,Cat,Medium,19.91,735.01,8,1
521,Toys,Cat,Small,33.91,1337.11,9,0
522,Toys,Dog,Medium,,1159.18,0,1
523,Housing,Dog,Medium,26.09,671.89,3,0
524,Medicine,Fish,Small,19.89,661.23,6,0
525,Accessory,Dog,Large,33.06,1063.55,2,0
526,Accessory,Bird,Medium,32.96,856.75,5,1
527,Equipment,Fish,Small,22.69,695.63,6,1
528,Medicine,Cat,Small,24.78,975.55,6,1
529,Housing,Cat,Small,25.92,820.26,3,0
530,Toys,Fish,Small,29.09,979.48,8,1
531,Accessory,Fish,Small,18.09,446.76,3,0
532,Food,Bird,Large,50.9,1862.12,7,1
533,Equipment,Cat,Small,28.15,1040.73,8,1
534,Toys,Cat,Small,34.18,1357.61,7,0
535,Toys,Cat,Small,34.03,1347.16,7,1
536,Equipment,Cat,Small,28.03,1035.32,6,0
537,Medicine,Dog,Medium,25.16,846.37,3,0
538,Housing,Dog,Small,,887.93,0,1
539,Equipment,Cat,Medium,,795.71,0,1
540,Housing,Fish,Large,25.91,775.92,3,1
541,Housing,Dog,Medium,25.98,676.72,3,1
542,Medicine,Cat,Medium,20.11,745.46,5,1
543,Housing,Dog,Large,36.09,1187.66,4,1
544,Medicine,Fish,Large,24.88,942.65,6,1
545,Accessory,Dog,Medium,22.93,574.75,1,1
546,Toys,Cat,Small,34.28,1354.57,6,1
547,Toys,Cat,Medium,29.05,1079.88,7,1
548,Food,Dog,Small,35.99,1130.21,3,1
549,Toys,Bird,Small,49.02,1820.0,5,1
550,Food,Fish,Large,31.16,1028.57,6,0
551,Equipment,Cat,Small,28.27,1048.08,7,1
552,Food,Fish,Medium,21.14,548.11,3,0
553,Equipment,Dog,Medium,27.93,871.63,6,1
554,Equipment,Fish,Small,22.97,705.93,5,0
555,Toys,Cat,Medium,28.84,1070.85,4,0
556,Medicine,Fish,Medium,14.94,459.89,6,1
557,Medicine,Dog,Large,35.05,1422.39,7,1
558,Toys,Cat,Medium,28.89,1073.93,4,1
559,Equipment,Cat,Small,27.98,1031.86,5,1
560,Toys,Dog,Small,39.21,1421.19,5,0
561,Food,Dog,Large,41.12,1469.55,5,1
562,Food,Bird,Medium,41.0,1205.59,4,1
563,Food,Fish,Small,26.06,740.27,5,1
564,Toys,Fish,Small,29.25,979.88,5,1
565,Medicine,Cat,Small,,992.07,0,1
566,Medicine,Cat,Small,,999.75,0,1
567,Toys,Cat,Small,34.33,1374.83,5,0
568,Food,Dog,Medium,30.96,885.69,4,1
569,Equipment,Cat,Small,27.94,1030.84,5,1
570,Food,Dog,Medium,30.94,887.11,3,0
571,Food,Bird,Medium,,1202.85,0,1
572,Toys,Cat,Small,34.23,1359.67,7,1
573,Medicine,Cat,Medium,19.94,735.1,7,1
574,Equipment,Dog,Small,33.11,1107.81,2,0
575,Toys,Fish,Small,28.74,963.92,5,0
576,Medicine,Cat,Medium,20.09,741.2,5,0
577,Toys,Cat,Medium,29.16,1084.45,5,1
578,Toys,Cat,Small,,1353.09,0,1
579,Equipment,Cat,Small,27.79,1026.51,5,0
580,Toys,Dog,Large,44.0,1790.98,9,0
581,Equipment,Cat,Small,28.13,1035.27,7,1
582,Accessory,Dog,Large,32.97,1058.07,3,1
583,Housing,Cat,Medium,20.98,616.62,5,1
584,Toys,Fish,Medium,23.82,735.3,5,1
585,Food,Dog,Large,41.01,1453.78,6,0
586,Equipment,Cat,Medium,23.33,808.45,4,1
587,Housing,Bird,Medium,35.96,965.12,1,1
588,Food,Bird,Large,50.99,1855.21,6,1
589,Accessory,Bird,Medium,33.0,861.52,4,0
590,Equipment,Fish,Small,23.0,704.78,4,1
591,Food,Dog,Medium,31.16,885.52,3,1
592,Equipment,Cat,Small,,1034.86,0,0
593,Equipment,Cat,Small,27.94,1030.82,4,1
594,Unknown,Fish,Medium,17.95,509.93,5,1
595,Housing,Cat,Medium,,614.35,0,0
596,Food,Cat,Medium,25.92,828.76,5,1
597,Toys,Fish,Small,28.91,975.67,5,0
598,Equipment,Cat,Small,27.99,1032.53,5,1
599,Equipment,Bird,Small,42.86,1484.04,5,1
600,Medicine,Cat,Medium,19.99,735.73,3,1
601,Equipment,Cat,Medium,23.0,793.54,3,1
602,Unknown,Dog,Small,,1113.97,0,0
603,Equipment,Cat,Small,27.91,1029.65,4,1
604,Accessory,Bird,Large,43.01,1417.0,5,0
605,Equipment,Cat,Small,28.1,1040.27,6,1
606,Food,Bird,Large,,1861.87,0,0
607,Equipment,Cat,Small,27.98,1026.38,3,0
608,Housing,Cat,Small,25.85,814.58,5,1
609,Toys,Fish,Small,28.79,964.58,6,0
610,Medicine,Dog,Medium,25.2,850.43,7,0
611,Food,Dog,Medium,30.92,885.53,6,1
612,Food,Bird,Medium,41.15,1207.5,6,1
613,Medicine,Dog,Small,30.08,1084.15,3,1
614,Housing,Dog,Small,31.23,893.06,1,1
615,Toys,Cat,Small,34.25,1354.26,8,1
616,Toys,Cat,Small,33.84,1351.85,6,0
617,Housing,Dog,Medium,26.03,670.66,2,1
618,Housing,Fish,Large,25.9,778.16,3,1
619,Medicine,Dog,Medium,24.82,833.26,5,1
620,Toys,Cat,Small,,1350.95,0,0
621,Toys,Fish,Small,29.02,967.03,5,1
622,Food,Bird,Medium,40.96,1208.98,5,0
623,Food,Bird,Large,50.92,1852.79,4,1
624,Accessory,Dog,Large,,1065.28,0,0
625,Housing,Cat,Medium,20.87,609.01,7,0
626,Medicine,Fish,Small,20.0,662.86,5,1
627,Toys,Fish,Small,,965.99,0,0
628,Toys,Cat,Small,34.06,1365.83,9,1
629,Housing,Fish,Medium,15.99,372.62,4,0
630,Medicine,Fish,Medium,15.14,467.23,5,1
631,Housing,Fish,Medium,15.95,366.79,4,1
632,Equipment,Cat,Small,28.15,1031.46,6,0
633,Food,Cat,Large,36.05,1409.62,3,1
634,Unknown,Dog,Medium,28.1,872.04,4,0
635,Medicine,Dog,Medium,25.04,845.75,4,0
636,Medicine,Fish,Medium,15.16,471.66,6,0
637,Housing,Cat,Medium,20.84,610.48,2,1
638,Housing,Dog,Medium,25.97,670.87,4,1
639,Toys,Dog,Small,39.09,1424.13,3,1
640,Food,Dog,Medium,31.15,886.18,6,0
641,Housing,Dog,Large,36.09,1188.68,4,0
642,Equipment,Cat,Small,27.82,1023.28,9,1
643,Toys,Cat,Small,33.86,1336.18,8,0
644,Accessory,Cat,Large,28.0,998.18,4,0
645,Food,Cat,Small,30.74,1053.2,5,1
646,Equipment,Cat,Small,27.85,1031.22,4,1
647,Equipment,Cat,Medium,22.87,787.4,7,0
648,Equipment,Cat,Small,28.1,1032.94,4,0
649,Food,Bird,Large,51.04,1853.37,4,1
650,Food,Cat,Small,31.27,1082.95,6,0
651,Equipment,Cat,Small,27.92,1034.36,6,1
652,Medicine,Dog,Small,,1086.33,0,0
653,Toys,Bird,Large,54.02,2254.99,8,0
654,Equipment,Fish,Small,22.98,702.76,5,0
655,Food,Fish,Small,26.16,734.68,4,0
656,Medicine,Cat,Small,25.04,995.73,6,1
657,Equipment,Cat,Small,27.86,1027.15,3,1
658,Housing,Dog,Large,35.92,1182.28,6,1
659,Food,Cat,Medium,25.86,826.9,3,1
660,Equipment,Cat,Medium,23.09,792.03,4,1
661,Toys,Cat,Small,34.09,1355.96,8,0
662,Housing,Fish,Medium,15.91,369.09,3,0
663,Equipment,Cat,Small,28.02,1033.6,4,0
664,Food,Dog,Small,36.07,1133.67,4,0
665,Medicine,Dog,Small,,1089.32,0,0
666,Food,Fish,Small,26.09,732.64,3,0
667,Medicine,Cat,Small,24.92,983.26,3,1
668,Accessory,Fish,Small,18.14,451.79,3,1
669,Food,Dog,Large,40.83,1456.02,4,1
670,Housing,Dog,Medium,26.06,675.27,4,1
671,Accessory,Fish,Medium,12.85,286.94,1,1
672,Food,Cat,Medium,26.11,836.46,7,0
673,Medicine,Fish,Small,19.78,663.24,6,1
674,Medicine,Cat,Small,24.76,976.59,7,1
675,Housing,Fish,Large,25.94,784.18,4,1
676,Toys,Dog,Small,39.07,1413.09,5,0
677,Toys,Cat,Medium,29.22,1083.7,8,0
678,Medicine,Cat,Small,24.9,981.78,8,0
679,Medicine,Fish,Medium,15.21,465.62,5,1
680,Equipment,Cat,Small,28.0,1037.85,6,0
681,Medicine,Cat,Small,25.0,992.35,8,0
682,Medicine,Fish,Medium,14.96,462.92,6,1
683,Housing,Cat,Small,25.82,818.94,5,1
684,Toys,Cat,Medium,28.93,1074.29,4,1
685,Food,Dog,Small,35.84,1116.7,5,0
686,Medicine,Fish,Medium,14.96,459.81,4,1
687,Equipment,Dog,Medium,27.97,866.65,6,0
688,Accessory,Cat,Large,28.29,1009.17,4,0
689,Food,Cat,Small,30.84,1064.04,4,1
690,Equipment,Cat,Small,27.91,1029.62,6,1
691,Housing,Cat,Small,25.95,824.36,7,1
692,Toys,Fish,Small,,974.33,0,1
693,Accessory,Bird,Large,43.13,1422.67,5,1
694,Toys,Fish,Small,,968.02,0,1
695,Toys,Fish,Small,28.93,959.82,6,1
696,Food,Dog,Small,36.12,1127.48,5,0
697,Equipment,Fish,Small,22.8,700.69,5,1
698,Equipment,Fish,Small,22.89,698.36,4,1
699,Food,Cat,Large,36.02,1413.13,7,1
700,Housing,Dog,Large,36.21,1196.63,8,1
701,Medicine,Dog,Large,34.93,1430.7,9,0
702,Equipment,Fish,Small,23.02,701.28,3,0
703,Equipment,Cat,Medium,22.84,785.16,4,0
704,Unknown,Bird,Small,,1085.02,0,1
705,Medicine,Cat,Small,24.86,979.63,7,1
706,Equipment,Cat,Medium,23.03,795.76,7,0
707,Equipment,Dog,Medium,27.98,869.46,5,1
708,Accessory,Cat,Medium,18.1,516.87,4,1
709,Equipment,Dog,Medium,,872.4,0,0
710,Toys,Fish,Small,29.11,973.54,3,0
711,Accessory,Dog,Medium,22.96,575.3,3,1
712,Equipment,Cat,Medium,23.01,791.79,4,0
713,Accessory,Fish,Large,22.99,677.59,4,1
714,Equipment,Fish,Small,,705.17,0,1
715,Medicine,Cat,Small,24.95,981.83,7,0
716,Medicine,Cat,Medium,20.06,741.31,7,0
717,Equipment,Cat,Small,27.88,1034.76,5,1
718,Accessory,Cat,Medium,17.99,514.68,4,1
719,Housing,Cat,Small,25.96,828.28,4,0
720,Toys,Fish,Small,28.89,962.99,4,1
721,Housing,Cat,Medium,20.83,612.54,4,1
722,Housing,Cat,Medium,21.14,618.85,7,1
723,Medicine,Cat,Large,29.86,1315.87,7,0
724,Medicine,Fish,Small,,655.11,0,1
725,Equipment,Fish,Medium,18.22,512.56,2,1
726,Housing,Cat,Small,25.96,822.82,4,0
727,Toys,Fish,Medium,23.92,741.3,4,1
728,Toys,Dog,Large,43.92,1793.71,6,1
729,Food,Bird,Small,45.98,1450.78,5,0
730,Medicine,Fish,Large,,942.52,0,1
731,Medicine,Dog,Large,34.95,1414.51,7,0
732,Equipment,Cat,Small,28.03,1027.94,5,0
733,Equipment,Dog,Medium,27.87,862.21,3,1
734,Housing,Cat,Small,25.72,811.65,3,1
735,Unknown,Cat,Small,25.03,989.97,6,0
736,Medicine,Fish,Small,20.13,668.35,5,0
737,Food,Fish,Medium,21.01,546.78,4,0
738,Equipment,Fish,Large,,988.54,0,1
739,Medicine,Dog,Large,35.09,1423.65,9,0
740,Equipment,Fish,Medium,17.95,508.24,5,1
741,Toys,Dog,Small,39.24,1415.71,4,0
742,Housing,Fish,Medium,16.1,375.48,4,0
743,Housing,Dog,Medium,26.19,678.2,5,0
744,Food,Dog,Large,,1454.29,0,1
745,Food,Fish,Large,31.0,1020.52,6,1
746,Housing,Fish,Large,26.07,788.32,4,1
747,Toys,Cat,Small,34.05,1351.58,4,1
748,Equipment,Dog,Small,,1111.1,0,1
749,Medicine,Cat,Small,,994.09,0,1
750,Housing,Bird,Medium,35.95,958.44,2,0
751,Medicine,Fish,Small,19.98,670.39,4,1
752,Food,Dog,Large,41.07,1466.78,6,1
753,Toys,Fish,Medium,24.06,747.21,7,1
754,Housing,Fish,Large,25.83,776.93,3,1
755,Housing,Fish,Medium,16.02,369.05,2,1
756,Food,Dog,Small,36.16,1121.32,4,0
757,Toys,Fish,Small,28.98,965.14,7,0
758,Toys,Fish,Small,28.86,966.92,4,1
759,Equipment,Fish,Large,27.9,982.61,4,1
760,Equipment,Dog,Small,32.85,1107.57,5,1
761,Accessory,Fish,Large,23.09,676.76,4,1
762,Medicine,Dog,Large,34.94,1416.24,9,0
763,Toys,Cat,Medium,29.0,1076.74,7,0
764,Food,Dog,Medium,30.87,880.81,3,0
765,Toys,Fish,Small,29.26,981.65,6,0
766,Equipment,Fish,Small,,702.4,0,0
767,Equipment,Cat,Small,27.78,1020.3,7,1
768,Equipment,Cat,Small,27.71,1019.84,6,1
769,Toys,Cat,Large,39.01,1716.93,8,0
770,Toys,Cat,Small,33.84,1337.08,7,1
771,Food,Bird,Small,45.99,1468.07,3,1
772,Medicine,Fish,Small,19.94,664.58,5,1
773,Housing,Bird,Medium,35.95,956.18,5,0
774,Toys,Fish,Medium,24.02,741.25,5,1
775,Equipment,Fish,Small,23.18,705.78,4,0
776,Equipment,Fish,Small,22.7,692.32,5,1
777,Accessory,Bird,Large,43.16,1430.35,6,0
778,Food,Fish,Large,30.94,1016.25,3,1
779,Food,Bird,Medium,41.1,1205.54,5,0
780,Medicine,Fish,Small,19.94,662.95,7,1
781,Toys,Fish,Small,29.01,973.67,7,1
782,Accessory,Fish,Medium,13.13,291.19,1,1
783,Accessory,Dog,Medium,23.02,576.16,4,1
784,Food,Dog,Large,41.02,1464.26,6,0
785,Medicine,Cat,Medium,20.13,752.27,6,1
786,Accessory,Dog,Large,33.11,1062.8,7,0
787,Food,Cat,Small,30.96,1071.46,6,1
788,Toys,Cat,Small,34.29,1349.46,4,0
789,Equipment,Cat,Small,28.02,1026.59,5,1
790,Food,Bird,Small,46.22,1469.39,5,0
791,Medicine,Cat,Medium,,740.1,0,1
792,Equipment,Cat,Small,27.78,1030.51,5,1
793,Housing,Fish,Medium,16.12,374.64,3,1
794,Equipment,Cat,Small,27.76,1020.3,6,1
795,Housing,Dog,Small,31.06,880.33,3,0
796,Housing,Fish,Large,25.87,778.46,4,1
797,Food,Cat,Medium,25.98,829.32,7,1
798,Toys,Cat,Small,34.08,1348.14,7,0
799,Equipment,Cat,Small,27.86,1026.84,5,1
800,Toys,Cat,Small,34.02,1355.03,6,1
801,Toys,Fish,Medium,,742.48,0,0
802,Housing,Fish,Medium,16.02,368.24,4,1
803,Housing,Fish,Large,25.82,776.97,5,0
804,Food,Dog,Medium,30.9,885.44,3,0
805,Toys,Cat,Small,34.1,1342.9,6,0
806,Food,Cat,Small,30.8,1058.71,4,1
807,Equipment,Cat,Small,27.69,1026.36,5,1
808,Medicine,Cat,Medium,,743.09,0,1
809,Toys,Fish,Medium,23.89,747.3,3,1
810,Equipment,Dog,Small,33.04,1109.25,4,0
811,Housing,Bird,Small,40.92,1198.74,5,1
812,Food,Bird,Medium,40.89,1205.12,3,1
813,Housing,Fish,Small,20.92,530.85,4,1
814,Housing,Bird,Medium,35.99,965.29,4,1
815,Medicine,Dog,Medium,24.88,844.07,4,1
816,Medicine,Fish,Large,25.46,960.09,5,1
817,Toys,Cat,Small,33.95,1356.63,6,0
818,Food,Bird,Small,45.98,1470.95,4,0
819,Equipment,Cat,Small,28.14,1040.25,7,0
820,Medicine,Fish,Small,20.09,668.82,6,1
821,Medicine,Dog,Small,29.95,1086.46,6,1
822,Equipment,Cat,Small,28.11,1040.08,7,1
823,Accessory,Cat,Small,23.13,717.93,6,0
824,Medicine,Cat,Small,24.94,980.93,4,0
825,Housing,Dog,Small,30.98,876.43,6,1
826,Equipment,Cat,Medium,22.98,790.28,5,1
827,Housing,Bird,Small,40.93,1195.06,4,1
828,Equipment,Cat,Small,28.36,1041.38,7,0
829,Medicine,Cat,Medium,20.02,745.34,7,0
830,Equipment,Cat,Small,28.02,1034.11,7,1
831,Medicine,Cat,Small,24.91,984.06,6,0
832,Medicine,Dog,Medium,24.85,831.99,3,1
833,Toys,Cat,Small,33.88,1349.47,3,1
834,Housing,Fish,Small,21.22,544.35,5,1
835,Housing,Fish,Large,25.93,781.99,4,0
836,Food,Dog,Medium,31.0,886.74,3,1
837,Accessory,Bird,Large,42.99,1415.63,6,0
838,Toys,Cat,Small,34.12,1354.43,7,1
839,Housing,Fish,Medium,16.16,375.45,4,1
840,Equipment,Cat,Small,28.02,1038.37,5,0
841,Food,Dog,Medium,30.97,893.82,4,1
842,Equipment,Cat,Small,28.3,1047.36,4,0
843,Unknown,Cat,Small,28.14,1040.57,7,1
844,Equipment,Cat,Small,28.18,1035.68,6,1
845,Housing,Dog,Medium,25.88,675.98,6,1
846,Medicine,Fish,Small,20.07,666.34,3,0
847,Medicine,Fish,Medium,14.89,459.46,4,1
848,Food,Cat,Small,30.85,1061.36,4,1
849,Accessory,Fish,Large,22.88,671.44,2,1
850,Food,Dog,Large,40.97,1452.61,6,0
851,Accessory,Bird,Medium,33.08,857.2,5,1
852,Medicine,Dog,Medium,25.1,842.65,6,1
853,Food,Bird,Medium,41.0,1205.26,5,1
854,Medicine,Cat,Medium,19.93,738.82,8,1
855,Equipment,Cat,Small,27.9,1038.63,5,0
856,Housing,Cat,Small,25.86,826.49,1,1
857,Medicine,Fish,Small,19.83,660.5,4,1
858,Accessory,Bird,Large,42.92,1410.58,5,0
859,Equipment,Cat,Small,27.84,1031.58,4,0
860,Accessory,Dog,Large,33.13,1063.88,4,1
861,Food,Dog,Medium,31.14,890.38,3,0
862,Equipment,Cat,Small,27.97,1036.56,3,0
863,Toys,Cat,Large,38.99,1724.15,7,1
864,Housing,Cat,Medium,21.21,619.91,4,1
865,Equipment,Dog,Large,37.87,1441.13,8,0
866,Housing,Cat,Small,26.0,825.1,6,1
867,Toys,Cat,Small,33.86,1335.86,6,0
868,Equipment,Cat,Small,28.13,1037.69,3,1
869,Equipment,Cat,Small,27.74,1022.85,7,0
870,Equipment,Cat,Small,28.12,1028.41,5,1
871,Toys,Fish,Small,28.99,979.7,3,1
872,Housing,Dog,Small,30.96,867.54,6,0
873,Accessory,Fish,Large,23.12,675.29,6,1
874,Housing,Fish,Medium,16.03,371.78,5,0
875,Housing,Cat,Medium,20.99,614.98,3,1
876,Equipment,Fish,Medium,18.13,511.4,5,1
877,Equipment,Cat,Small,28.04,1038.43,4,1
878,Toys,Dog,Small,39.07,1420.2,6,0
879,Food,Fish,Medium,20.95,538.59,2,0
880,Toys,Cat,Small,33.97,1354.37,7,1
881,Equipment,Fish,Small,22.98,702.46,6,1
882,Housing,Fish,Small,21.21,539.3,2,0
883,Equipment,Cat,Medium,22.87,790.8,6,1
884,Equipment,Cat,Small,27.94,1034.08,5,0
885,Toys,Cat,Small,34.07,1342.9,6,0
886,Equipment,Dog,Small,,1104.13,0,1
887,Medicine,Bird,Medium,,1200.71,0,1
888,Equipment,Cat,Small,28.22,1041.84,6,0
889,Medicine,Dog,Small,30.12,1086.5,3,1
890,Equipment,Cat,Small,,1028.48,0,1
891,Equipment,Cat,Small,27.9,1032.07,5,1
892,Toys,Fish,Large,34.15,1295.24,7,0
893,Equipment,Cat,Small,28.1,1031.91,4,0
894,Medicine,Fish,Large,25.09,946.65,4,1
895,Equipment,Fish,Small,,705.52,0,1
896,Toys,Cat,Small,33.97,1332.09,7,1
897,Housing,Fish,Medium,16.12,374.75,5,1
898,Toys,Dog,Medium,34.07,1157.99,5,0
899,Equipment,Cat,Small,28.08,1034.93,6,0
900,Toys,Fish,Large,34.1,1300.55,9,0
901,Food,Fish,Small,25.78,722.29,4,0
902,Equipment,Cat,Small,28.03,1029.89,6,0
903,Housing,Dog,Small,30.78,873.15,7,1
904,Medicine,Fish,Small,20.02,666.64,3,1
905,Equipment,Cat,Small,28.06,1037.46,4,1
906,Housing,Dog,Medium,26.15,677.08,3,1
907,Food,Cat,Small,31.08,1068.61,5,0
908,Equipment,Cat,Small,28.2,1043.24,6,0
909,Housing,Dog,Medium,26.01,673.01,4,1
910,Equipment,Cat,Medium,22.99,790.78,6,1
911,Medicine,Fish,Small,,662.31,0,0
912,Accessory,Bird,Large,42.93,1412.1,4,1
913,Food,Dog,Medium,31.11,893.03,6,1
914,Unknown,Dog,Medium,34.07,1148.89,5,1
915,Toys,Cat,Small,33.95,1348.27,7,0
916,Equipment,Bird,Small,43.1,1481.11,7,0
917,Medicine,Fish,Small,20.04,667.84,6,0
918,Medicine,Fish,Medium,14.96,460.07,6,0
919,Equipment,Fish,Small,23.06,704.66,3,1
920,Equipment,Fish,Small,23.09,706.5,4,1
921,Toys,Cat,Small,34.08,1355.69,7,1
922,Accessory,Fish,Small,17.95,441.1,3,1
923,Equipment,Cat,Small,27.99,1028.67,6,0
924,Accessory,Fish,Large,,669.43,0,0
925,Housing,Cat,Small,,827.23,0,1
926,Food,Dog,Medium,31.15,899.82,4,0
927,Toys,Cat,Small,34.21,1352.84,7,1
928,Toys,Dog,Small,39.16,1415.51,5,1
929,Housing,Dog,Large,36.09,1186.89,8,1
930,Medicine,Dog,Medium,24.83,833.95,4,0
931,Toys,Cat,Small,34.18,1363.79,5,1
932,Toys,Cat,Small,34.02,1348.83,9,0
933,Food,Bird,Medium,41.32,1206.38,4,0
934,Toys,Cat,Small,33.97,1336.5,6,0
935,Housing,Fish,Medium,16.08,373.2,6,1
936,Toys,Bird,Medium,43.97,1522.17,7,0
937,Food,Fish,Small,25.83,726.3,5,0
938,Equipment,Cat,Small,27.81,1024.69,4,0
939,Toys,Cat,Small,,1361.73,0,0
940,Food,Fish,Medium,21.02,544.48,4,1
941,Medicine,Bird,Small,,1488.93,0,0
942,Equipment,Cat,Small,28.09,1037.72,6,1
943,Housing,Fish,Small,21.21,542.84,3,1
944,Food,Dog,Small,35.85,1116.82,5,1
945,Toys,Fish,Medium,23.9,741.42,3,1
946,Toys,Dog,Large,43.85,1788.28,8,1
947,Toys,Cat,Small,33.92,1341.72,7,0
948,Toys,Dog,Small,38.79,1404.28,6,0
949,Housing,Dog,Medium,25.91,672.46,5,0
950,Housing,Fish,Large,26.08,784.59,6,1
951,Medicine,Dog,Medium,25.05,843.34,6,0
952,Equipment,Cat,Small,27.81,1028.3,5,1
953,Toys,Cat,Small,34.04,1346.22,6,1
954,Accessory,Dog,Large,33.15,1066.57,6,0
955,Medicine,Fish,Small,20.26,674.35,6,0
956,Food,Dog,Medium,30.82,878.78,3,1
957,Equipment,Cat,Small,28.06,1035.76,7,1
958,Housing,Cat,Small,26.02,816.48,6,0
959,Unknown,Bird,Small,40.89,1192.94,5,1
960,Medicine,Dog,Small,30.02,1081.32,3,1
961,Housing,Cat,Large,30.85,1118.18,4,0
962,Food,Dog,Medium,31.01,894.05,6,1
963,Unknown,Cat,Small,25.06,992.35,7,1
964,Housing,Fish,Medium,16.19,376.62,1,0
965,Accessory,Dog,Large,33.0,1058.53,6,0
966,Toys,Dog,Small,39.07,1415.91,6,0
967,Equipment,Cat,Small,28.06,1036.52,5,1
968,Equipment,Cat,Small,27.95,1027.25,8,1
969,Food,Fish,Small,25.96,733.84,6,0
970,Food,Bird,Large,51.05,1854.64,5,1
971,Medicine,Fish,Small,20.0,664.85,5,0
972,Equipment,Fish,Small,22.98,707.54,3,1
973,Accessory,Dog,Large,32.99,1059.35,4,1
974,Toys,Dog,Medium,34.06,1150.23,4,1
975,Equipment,Cat,Small,28.25,1040.92,5,0
976,Accessory,Bird,Large,43.01,1418.55,8,1
977,Equipment,Cat,Small,28.25,1041.42,8,1
978,Equipment,Cat,Medium,,787.29,0,0
979,Housing,Bird,Medium,36.08,959.73,6,1
980,Equipment,Cat,Small,27.93,1033.08,6,0
981,Equipment,Cat,Small,27.74,1019.89,3,1
982,Equipment,Cat,Medium,22.91,787.99,5,1
983,Food,Bird,Large,,1848.03,0,1
984,Housing,Cat,Medium,21.1,616.53,5,1
985,Food,Dog,Small,35.88,1117.99,4,0
986,Medicine,Bird,Medium,35.07,1202.57,5,0
987,Food,Dog,Large,41.03,1460.01,2,1
988,Toys,Cat,Small,34.06,1348.07,8,1
989,Toys,Dog,Small,38.77,1401.22,6,0
990,Food,Dog,Small,,1115.77,0,0
991,Medicine,Bird,Small,,1464.28,0,1
992,Toys,Fish,Small,28.82,962.25,8,0
993,Toys,Cat,Medium,28.95,1082.61,7,0
994,Equipment,Dog,Medium,28.24,876.91,4,0
995,Equipment,Dog,Small,32.98,1108.36,7,1
996,Toys,Fish,Medium,24.24,752.56,7,1
997,Food,Dog,Large,40.81,1452.83,7,1
998,Housing,Fish,Medium,16.07,373.55,4,0
999,Accessory,Bird,Medium,33.0,857.71,3,0
1000,Equipment,Cat,Small,,1036.76,0,1
1001,Food,Fish,Medium,20.87,540.31,4,1
1002,Equipment,Cat,Small,27.99,1037.54,7,1
1003,Equipment,Cat,Small,28.0,1027.35,4,1
1004,Food,Dog,Medium,31.12,889.96,4,0
1005,Food,Cat,Medium,,832.65,0,0
1006,Food,Dog,Small,36.09,1129.37,7,0
1007,Equipment,Fish,Small,22.93,710.63,4,1
1008,Toys,Cat,Small,,1349.36,0,1
1009,Housing,Dog,Medium,25.98,670.61,4,1
1010,Toys,Cat,Small,34.07,1347.5,6,1
1011,Medicine,Cat,Medium,20.02,740.69,6,1
1012,Toys,Dog,Medium,34.03,1150.04,5,0
1013,Toys,Cat,Medium,28.94,1080.7,6,1
1014,Housing,Dog,Large,36.03,1190.53,5,0
1015,Housing,Fish,Small,20.91,530.62,5,0
1016,Equipment,Cat,Small,28.07,1034.77,7,1
1017,Equipment,Fish,Medium,17.99,508.73,4,0
1018,Equipment,Cat,Small,,1034.21,0,0
1019,Equipment,Cat,Small,28.17,1034.85,5,1
1020,Medicine,Cat,Small,25.26,1002.5,7,1
1021,Housing,Cat,Small,26.33,834.38,3,1
1022,Medicine,Fish,Small,20.15,666.43,4,1
1023,Housing,Fish,Small,20.82,528.85,4,1
1024,Medicine,Fish,Large,24.85,936.86,6,1
1025,Equipment,Cat,Small,28.03,1034.58,7,1
1026,Food,Dog,Medium,30.98,886.47,4,1
1027,Food,Bird,Small,46.04,1475.75,5,0
1028,Food,Dog,Small,36.16,1121.08,7,0
1029,Equipment,Cat,Small,28.0,1031.79,3,0
1030,Equipment,Cat,Medium,23.11,796.9,6,1
1031,Equipment,Fish,Medium,18.13,513.32,4,1
1032,Food,Dog,Large,41.12,1464.05,6,0
1033,Food,Bird,Small,46.11,1478.87,6,0
1034,Toys,Fish,Small,29.24,971.18,4,1
1035,Medicine,Fish,Small,19.87,654.6,4,1
1036,Accessory,Cat,Large,28.01,996.05,5,0
1037,Food,Fish,Small,26.12,740.36,4,1
1038,Toys,Dog,Medium,34.12,1156.11,6,1
1039,Equipment,Cat,Small,28.29,1040.95,4,1
1040,Equipment,Cat,Small,28.12,1039.04,4,0
1041,Medicine,Fish,Medium,15.09,463.31,3,1
1042,Medicine,Fish,Small,19.94,667.22,5,1
1043,Food,Cat,Medium,26.01,837.5,2,1
1044,Medicine,Dog,Medium,25.07,840.14,6,0
1045,Toys,Cat,Small,34.08,1351.43,8,0
1046,Accessory,Dog,Medium,22.81,573.78,3,1
1047,Toys,Dog,Small,39.38,1440.68,8,1
1048,Accessory,Dog,Medium,22.96,578.3,3,1
1049,Equipment,Cat,Small,28.02,1035.84,6,1
1050,Equipment,Cat,Large,32.98,1366.49,7,0
1051,Equipment,Cat,Small,,1038.63,0,1
1052,Food,Fish,Small,26.16,738.33,6,1
1053,Accessory,Bird,Large,42.92,1418.79,6,0
1054,Housing,Fish,Medium,15.98,375.68,2,0
1055,Food,Cat,Medium,26.15,837.87,5,1
1056,Equipment,Dog,Small,,1106.54,0,0
1057,Equipment,Fish,Small,23.0,714.06,2,0
1058,Medicine,Dog,Medium,24.94,837.64,5,0
1059,Equipment,Cat,Small,28.12,1035.0,6,1
1060,Medicine,Fish,Small,20.0,664.07,7,1
1061,Food,Dog,Large,41.0,1463.58,7,1
1062,Food,Cat,Small,,1060.2,0,0
1063,Housing,Cat,Medium,21.19,621.37,5,1
1064,Accessory,Bird,Large,43.2,1433.16,4,0
1065,Housing,Dog,Medium,25.97,669.42,5,1
1066,Equipment,Cat,Small,28.09,1036.27,4,1
1067,Equipment,Cat,Small,27.97,1038.51,4,1
1068,Food,Fish,Small,26.02,729.12,6,1
1069,Food,Bird,Medium,40.99,1200.77,3,0
1070,Accessory,Dog,Medium,23.08,579.68,2,1
1071,Equipment,Cat,Small,28.18,1034.92,3,1
1072,Equipment,Cat,Medium,22.98,793.94,4,0
1073,Equipment,Fish,Small,22.97,714.34,5,1
1074,Toys,Cat,Small,33.85,1346.37,6,1
1075,Toys,Cat,Medium,28.96,1073.72,7,1
1076,Toys,Fish,Small,28.88,969.86,5,1
1077,Accessory,Bird,Large,43.05,1419.46,5,1
1078,Equipment,Dog,Small,,1103.5,0,1
1079,Accessory,Bird,Large,42.86,1412.95,3,1
1080,Food,Dog,Medium,30.95,879.04,3,1
1081,Toys,Cat,Small,33.86,1350.19,8,1
1082,Food,Dog,Large,40.99,1460.03,5,0
1083,Accessory,Dog,Small,28.18,786.07,5,0
1084,Housing,Dog,Large,36.12,1184.59,6,1
1085,Housing,Cat,Small,26.14,830.15,4,1
1086,Food,Cat,Medium,26.09,836.41,3,0
1087,Medicine,Fish,Small,19.87,673.29,6,1
1088,Food,Fish,Large,31.03,1018.51,3,1
1089,Housing,Dog,Medium,26.1,671.98,5,1
1090,Equipment,Dog,Small,32.84,1107.49,3,0
1091,Toys,Cat,Large,38.99,1723.84,6,0
1092,Medicine,Bird,Medium,34.96,1199.48,5,0
1093,Housing,Dog,Medium,25.93,669.59,3,1
1094,Equipment,Cat,Small,28.07,1031.11,8,1
1095,Toys,Cat,Small,33.94,1351.92,6,1
1096,Food,Dog,Medium,31.03,886.23,6,0
1097,Equipment,Dog,Small,33.2,1107.27,6,1
1098,Unknown,Bird,Large,50.93,1863.64,5,1
1099,Equipment,Fish,Small,23.1,708.04,4,0
1100,Unknown,Cat,Medium,19.89,737.02,6,1
1101,Food,Cat,Medium,26.03,837.42,3,1
1102,Food,Cat,Small,30.82,1061.82,7,0
1103,Unknown,Dog,Small,35.78,1105.22,3,1
1104,Toys,Fish,Small,28.74,956.72,6,1
1105,Toys,Bird,Large,54.07,2244.67,6,1
1106,Medicine,Fish,Medium,15.06,464.91,5,0
1107,Toys,Cat,Small,33.99,1350.47,6,1
1108,Medicine,Dog,Medium,25.06,839.05,3,0
1109,Accessory,Bird,Medium,33.01,857.7,5,0
1110,Food,Dog,Large,40.85,1456.65,4,0
1111,Equipment,Cat,Medium,22.83,787.38,5,1
1112,Food,Fish,Medium,21.15,546.52,5,1
1113,Accessory,Bird,Large,42.82,1415.63,5,0
1114,Food,Cat,Large,36.08,1405.07,4,1
1115,Equipment,Cat,Small,27.97,1028.23,6,1
1116,Toys,Cat,Medium,29.04,1075.67,7,0
1117,Housing,Fish,Medium,16.0,372.34,3,1
1118,Medicine,Bird,Small,39.97,1482.25,6,0
1119,Medicine,Fish,Medium,15.05,466.99,4,1
1120,Toys,Fish,Small,28.85,961.2,5,0
1121,Housing,Fish,Small,21.03,540.91,4,1
1122,Medicine,Dog,Small,30.18,1092.28,3,1
1123,Housing,Dog,Medium,25.97,674.51,1,0
1124,Food,Cat,Medium,,836.8,0,1
1125,Equipment,Cat,Small,27.9,1022.98,8,0
1126,Equipment,Cat,Small,27.95,1036.83,6,0
1127,Accessory,Dog,Medium,23.23,580.21,2,1
1128,Medicine,Cat,Small,24.82,975.39,6,0
1129,Housing,Fish,Medium,16.31,377.85,6,0
1130,Food,Dog,Small,36.01,1116.83,6,0
1131,Toys,Bird,Medium,43.95,1528.36,6,1
1132,Housing,Cat,Large,30.92,1121.0,6,1
1133,Housing,Bird,Large,46.03,1554.87,5,1
1134,Medicine,Bird,Small,40.12,1496.24,8,1
1135,Food,Dog,Large,41.03,1458.21,6,1
1136,Housing,Cat,Medium,21.09,616.03,4,1
1137,Toys,Cat,Small,33.87,1349.94,6,0
1138,Accessory,Dog,Large,32.96,1060.28,7,1
1139,Medicine,Fish,Medium,14.91,461.45,6,1
1140,Toys,Fish,Medium,23.95,742.13,5,0
1141,Equipment,Cat,Medium,22.99,795.09,6,1
1142,Medicine,Dog,Large,34.89,1422.11,8,1
1143,Food,Dog,Large,40.94,1457.65,5,1
1144,Medicine,Dog,Small,30.12,1090.12,5,1
1145,Toys,Cat,Medium,29.13,1085.6,8,1
1146,Housing,Dog,Medium,,676.23,0,1
1147,Toys,Dog,Medium,33.89,1143.17,5,1
1148,Equipment,Cat,Small,,1041.75,0,0
1149,Medicine,Fish,Large,,947.72,0,0
1150,Housing,Cat,Small,26.12,826.71,3,1
1151,Equipment,Dog,Small,33.19,1120.87,6,1
1152,Food,Dog,Medium,30.98,887.17,5,1
1153,Medicine,Dog,Small,29.93,1074.88,5,1
1154,Unknown,Dog,Large,36.01,1182.3,5,0
1155,Housing,Fish,Small,20.99,536.74,2,1
1156,Medicine,Bird,Large,44.99,1866.6,7,1
1157,Toys,Dog,Small,39.08,1416.85,4,0
1158,Medicine,Cat,Medium,19.93,740.57,5,0
1159,Medicine,Cat,Small,24.94,985.36,6,0
1160,Equipment,Cat,Small,28.0,1025.28,6,1
1161,Equipment,Fish,Small,23.09,711.6,3,0
1162,Toys,Cat,Small,34.01,1343.25,8,1
1163,Medicine,Dog,Small,30.14,1090.27,5,1
1164,Toys,Dog,Medium,34.08,1158.7,5,1
1165,Housing,Cat,Medium,20.87,611.8,3,0
1166,Food,Dog,Large,,1456.41,0,1
1167,Housing,Dog,Small,30.98,873.35,4,1
1168,Housing,Fish,Small,20.91,534.41,4,0
1169,Accessory,Bird,Large,42.97,1407.69,6,1
1170,Medicine,Bird,Medium,35.13,1213.65,6,0
1171,Housing,Dog,Medium,25.84,668.4,5,0
1172,Toys,Fish,Small,29.28,976.79,6,1
1173,Accessory,Bird,Medium,33.03,856.73,4,1
1174,Accessory,Dog,Large,,1058.86,0,0
1175,Toys,Bird,Medium,,1521.54,0,1
1176,Housing,Fish,Medium,15.86,367.4,4,1
1177,Medicine,Dog,Small,29.89,1073.33,3,1
1178,Equipment,Fish,Small,22.94,701.56,6,0
1179,Toys,Cat,Small,33.92,1344.28,6,0
1180,Toys,Dog,Medium,33.9,1146.77,4,1
1181,Food,Fish,Medium,20.97,540.48,3,1
1182,Accessory,Dog,Medium,22.98,578.68,4,1
1183,Medicine,Cat,Small,25.13,983.53,6,1
1184,Equipment,Fish,Small,22.86,701.33,4,1
1185,Food,Fish,Small,26.23,740.95,2,1
1186,Accessory,Bird,Medium,,852.94,0,1
1187,Medicine,Cat,Medium,19.98,739.23,8,1
1188,Medicine,Cat,Small,24.84,985.8,8,1
1189,Food,Dog,Medium,31.13,887.6,3,0
1190,Equipment,Fish,Small,23.32,721.28,4,1
1191,Accessory,Dog,Medium,22.67,574.02,4,0
1192,Medicine,Dog,Small,,1069.56,0,0
1193,Equipment,Cat,Small,28.0,1028.88,5,1
1194,Toys,Fish,Small,29.09,981.79,3,0
1195,Housing,Bird,Small,40.88,1209.03,2,1
1196,Medicine,Cat,Small,25.16,991.31,7,0
1197,Toys,Cat,Small,,1342.8,0,0
1198,Medicine,Dog,Medium,25.24,848.15,6,1
1199,Food,Bird,Large,50.98,1864.23,6,0
1200,Equipment,Fish,Small,22.92,701.69,6,1
1201,Toys,Cat,Medium,29.14,1089.14,5,0
1202,Medicine,Cat,Medium,19.93,735.75,6,1
1203,Toys,Fish,Medium,,739.2,0,0
1204,Equipment,Fish,Small,22.85,698.33,6,0
1205,Housing,Fish,Medium,15.95,367.33,4,1
1206,Toys,Fish,Small,29.06,970.58,4,0
1207,Equipment,Cat,Small,27.98,1039.91,8,0
1208,Medicine,Dog,Small,30.18,1085.6,4,1
1209,Medicine,Cat,Medium,20.25,750.83,8,0
1210,Equipment,Cat,Small,,1032.52,0,0
1211,Medicine,Fish,Small,20.06,670.46,3,1
1212,Food,Dog,Medium,31.17,895.6,5,1
1213,Equipment,Cat,Small,28.23,1034.34,5,1
1214,Toys,Fish,Small,29.08,968.84,6,1
1215,Medicine,Fish,Small,19.78,653.98,7,1
1216,Medicine,Dog,Medium,25.12,848.37,6,1
1217,Equipment,Cat,Small,27.97,1024.6,6,1
1218,Housing,Bird,Large,,1553.8,0,0
1219,Food,Bird,Medium,40.82,1202.97,7,1
1220,Housing,Dog,Small,30.97,870.65,4,1
1221,Equipment,Cat,Small,28.11,1031.47,7,0
1222,Medicine,Dog,Small,30.2,1096.94,5,1
1223,Equipment,Cat,Large,,1360.05,0,1
1224,Toys,Cat,Medium,29.15,1084.58,6,0
1225,Medicine,Cat,Small,25.08,987.32,7,1
1226,Housing,Fish,Small,21.09,539.12,3,1
1227,Toys,Cat,Small,34.18,1349.62,5,1
1228,Medicine,Dog,Small,29.78,1081.82,4,1
1229,Toys,Fish,Large,33.82,1288.45,9,0
1230,Medicine,Dog,Medium,25.0,837.87,5,0
1231,Housing,Cat,Small,25.72,814.21,4,1
1232,Food,Dog,Medium,30.86,880.72,3,1
1233,Equipment,Dog,Medium,28.07,873.86,6,1
1234,Food,Dog,Large,,1461.92,0,1
1235,Medicine,Dog,Medium,24.96,838.39,6,0
1236,Toys,Fish,Medium,23.91,741.86,4,1
1237,Equipment,Bird,Medium,38.18,1220.59,4,1
1238,Housing,Dog,Medium,25.96,676.39,2,1
1239,Accessory,Dog,Large,33.11,1070.83,3,0
1240,Food,Dog,Large,,1457.56,0,0
1241,Accessory,Dog,Medium,23.02,579.38,4,1
1242,Equipment,Fish,Small,23.06,705.4,4,1
1243,Medicine,Dog,Small,30.0,1082.62,4,1
1244,Food,Fish,Large,31.03,1019.89,5,1
1245,Housing,Dog,Medium,26.08,682.44,5,1
1246,Unknown,Dog,Small,39.32,1418.79,8,0
1247,Toys,Fish,Small,29.17,979.77,7,0
1248,Toys,Fish,Medium,23.91,742.87,7,1
1249,Food,Dog,Medium,31.24,894.09,6,0
1250,Housing,Fish,Medium,15.82,363.99,4,1
1251,Toys,Cat,Small,34.15,1343.57,6,0
1252,Housing,Cat,Medium,,614.79,0,1
1253,Equipment,Cat,Small,28.3,1040.14,4,1
1254,Medicine,Fish,Large,24.91,944.66,5,1
1255,Equipment,Cat,Small,27.94,1024.94,7,0
1256,Housing,Dog,Medium,25.9,671.4,4,1
1257,Toys,Fish,Small,29.26,980.1,3,0
1258,Equipment,Cat,Medium,22.95,790.27,5,1
1259,Medicine,Cat,Small,,985.92,0,1
1260,Housing,Bird,Medium,35.82,961.5,2,0
1261,Housing,Cat,Medium,21.23,621.24,4,1
1262,Toys,Cat,Small,33.92,1348.27,4,0
1263,Medicine,Cat,Small,25.03,981.25,6,0
1264,Equipment,Cat,Medium,23.04,792.83,4,0
1265,Accessory,Bird,Large,43.04,1416.72,5,1
1266,Equipment,Cat,Small,28.06,1044.42,5,1
1267,Equipment,Dog,Medium,28.04,877.14,5,0
1268,Accessory,Bird,Large,43.06,1420.06,5,0
1269,Housing,Dog,Large,35.78,1171.97,4,1
1270,Equipment,Cat,Medium,23.05,794.78,4,1
1271,Housing,Cat,Small,25.92,825.04,3,1
1272,Housing,Fish,Medium,16.01,371.46,5,1
1273,Medicine,Fish,Small,20.15,670.98,2,1
1274,Toys,Cat,Small,,1337.97,0,1
1275,Food,Cat,Medium,26.05,830.96,4,1
1276,Equipment,Cat,Small,27.89,1028.62,6,1
1277,Equipment,Cat,Small,28.06,1031.23,7,0
1278,Toys,Bird,Small,48.58,1795.37,4,0
1279,Accessory,Bird,Large,,1413.83,0,1
1280,Equipment,Fish,Medium,18.02,510.2,5,1
1281,Medicine,Bird,Medium,34.97,1204.94,4,1
1282,Equipment,Cat,Small,28.12,1038.16,4,0
1283,Food,Cat,Medium,26.19,840.6,5,1
1284,Unknown,Fish,Large,27.93,986.13,7,1
1285,Food,Dog,Medium,30.99,893.05,5,1
1286,Equipment,Cat,Small,28.0,1033.84,6,0
1287,Equipment,Fish,Small,22.98,705.81,4,1
1288,Food,Cat,Small,31.09,1069.09,7,1
1289,Equipment,Fish,Small,22.75,700.6,2,1
1290,Toys,Fish,Small,28.69,964.06,6,1
1291,Food,Dog,Small,36.05,1129.12,5,0
1292,Food,Dog,Large,40.91,1455.71,7,0
1293,Equipment,Cat,Medium,23.02,794.39,5,0
1294,Medicine,Cat,Small,,1004.82,0,1
1295,Food,Dog,Medium,31.05,889.99,2,1
1296,Equipment,Cat,Small,28.09,1033.12,7,1
1297,Medicine,Fish,Large,24.9,945.5,5,1
1298,Medicine,Fish,Medium,14.97,463.22,3,1
1299,Accessory,Bird,Large,42.99,1418.66,6,0
1300,Medicine,Cat,Small,24.83,974.18,6,1
1301,Accessory,Fish,Small,18.05,455.22,6,1
1302,Medicine,Dog,Small,30.0,1078.38,7,0
1303,Food,Cat,Small,30.9,1060.34,6,1
1304,Food,Cat,Large,36.02,1403.1,5,1
1305,Food,Bird,Small,,1477.55,0,1
1306,Housing,Dog,Small,,879.39,0,1
1307,Toys,Cat,Medium,28.95,1073.81,5,0
1308,Housing,Dog,Large,35.91,1176.79,4,1
1309,Food,Dog,Medium,30.95,886.69,6,1
1310,Accessory,Bird,Large,43.04,1421.88,4,1
1311,Equipment,Cat,Large,33.05,1371.23,8,0
1312,Equipment,Cat,Small,27.87,1027.15,6,0
1313,Accessory,Bird,Large,42.96,1413.72,3,1
1314,Accessory,Bird,Medium,33.04,857.3,3,1
1315,Equipment,Cat,Small,27.96,1027.74,5,1
1316,Medicine,Cat,Medium,20.04,743.94,6,0
1317,Housing,Cat,Small,26.01,833.39,4,0
1318,Equipment,Fish,Small,23.17,710.89,5,1
1319,Food,Fish,Small,25.86,724.43,4,0
1320,Food,Bird,Medium,41.18,1205.87,6,0
1321,Equipment,Cat,Small,28.26,1038.15,7,0
1322,Medicine,Dog,Small,29.91,1086.08,6,0
1323,Medicine,Bird,Medium,34.87,1208.63,3,0
1324,Equipment,Cat,Medium,22.77,787.45,8,0
1325,Medicine,Dog,Medium,25.06,842.69,5,1
1326,Medicine,Cat,Small,25.0,990.45,5,1
1327,Food,Bird,Small,46.01,1456.73,3,1
1328,Food,Dog,Large,41.07,1464.07,6,0
1329,Toys,Dog,Small,39.01,1417.4,6,1
1330,Medicine,Cat,Small,25.2,997.89,6,1
1331,Housing,Cat,Small,25.95,828.94,4,1
1332,Equipment,Dog,Small,33.01,1105.18,5,0
1333,Equipment,Cat,Small,27.86,1029.26,7,1
1334,Toys,Cat,Small,34.23,1364.51,7,1
1335,Equipment,Cat,Medium,22.91,793.46,7,1
1336,Medicine,Fish,Small,19.88,658.41,6,0
1337,Housing,Dog,Large,35.92,1184.25,4,1
1338,Housing,Dog,Medium,25.86,670.9,3,1
1339,Food,Dog,Small,36.07,1119.69,5,0
1340,Food,Fish,Small,26.01,735.55,4,1
1341,Accessory,Dog,Small,27.92,763.01,3,1
1342,Medicine,Fish,Medium,15.0,460.0,5,1
1343,Equipment,Fish,Small,,709.77,0,1
1344,Housing,Bird,Medium,36.18,971.62,4,1
1345,Accessory,Dog,Medium,23.06,586.24,3,0
1346,Medicine,Fish,Small,19.94,669.91,6,1
1347,Accessory,Bird,Large,43.07,1419.57,2,1
1348,Medicine,Cat,Small,25.52,1006.84,3,1
1349,Housing,Fish,Medium,15.94,366.26,5,1
1350,Housing,Fish,Medium,16.16,371.36,5,0
1351,Food,Bird,Medium,41.13,1205.72,5,0
1352,Equipment,Dog,Small,32.74,1092.07,4,0
1353,Equipment,Dog,Small,33.06,1112.52,5,0
1354,Medicine,Fish,Medium,,463.11,0,1
1355,Toys,Cat,Small,34.18,1353.65,6,1
1356,Equipment,Cat,Small,27.91,1026.25,7,1
1357,Equipment,Cat,Small,28.04,1031.53,6,1
1358,Medicine,Fish,Large,25.06,951.17,5,1
1359,Housing,Cat,Small,26.3,829.47,5,0
1360,Housing,Fish,Medium,15.77,362.05,5,1
1361,Equipment,Cat,Medium,23.19,799.47,3,1
1362,Toys,Bird,Medium,43.84,1520.01,5,0
1363,Medicine,Fish,Small,20.04,662.93,6,1
1364,Medicine,Cat,Small,,1011.46,0,0
1365,Equipment,Dog,Medium,27.97,873.61,3,0
1366,Equipment,Dog,Medium,28.03,869.3,6,0
1367,Equipment,Dog,Small,33.06,1111.79,5,1
1368,Food,Bird,Medium,41.07,1203.75,6,0
1369,Toys,Cat,Medium,28.99,1079.9,8,0
1370,Equipment,Dog,Small,33.43,1121.91,5,1
1371,Unknown,Bird,Small,37.92,1089.88,6,0
1372,Equipment,Fish,Small,22.95,704.17,3,1
1373,Accessory,Bird,Large,42.91,1407.59,6,0
1374,Toys,Fish,Small,28.75,957.13,7,1
1375,Equipment,Cat,Small,27.82,1025.73,5,0
1376,Medicine,Fish,Medium,15.22,468.34,4,0
1377,Equipment,Cat,Medium,,795.74,0,0
1378,Equipment,Cat,Small,,1054.05,0,1
1379,Equipment,Cat,Small,27.74,1019.3,6,1
1380,Toys,Fish,Small,29.35,991.57,3,1
1381,Equipment,Cat,Medium,23.07,794.03,5,0
1382,Equipment,Dog,Small,32.79,1098.65,5,0
1383,Toys,Cat,Large,39.04,1723.87,8,1
1384,Housing,Dog,Small,30.85,876.4,5,1
1385,Accessory,Fish,Medium,13.02,290.77,4,1
1386,Medicine,Dog,Small,29.92,1090.37,3,1
1387,Toys,Cat,Small,34.24,1358.2,4,1
1388,Accessory,Dog,Large,32.82,1057.8,6,1
1389,Toys,Cat,Small,33.97,1339.38,8,1
1390,Housing,Cat,Medium,20.95,612.38,5,0
1391,Food,Dog,Medium,31.17,897.03,5,1
1392,Accessory,Cat,Medium,,511.95,0,1
1393,Medicine,Cat,Small,24.86,977.27,4,1
1394,Toys,Fish,Small,29.53,990.59,6,1
1395,Housing,Dog,Large,,1178.31,0,1
1396,Equipment,Cat,Small,,1033.69,0,1
1397,Equipment,Cat,Small,27.99,1035.36,6,1
1398,Housing,Bird,Large,46.18,1554.04,7,1
1399,Food,Cat,Small,30.82,1068.42,4,1
1400,Medicine,Cat,Large,30.0,1317.64,9,1
1401,Housing,Bird,Medium,,966.29,0,0
1402,Food,Bird,Medium,41.11,1207.12,4,1
1403,Housing,Cat,Medium,21.08,613.94,4,1
1404,Equipment,Fish,Small,22.98,704.63,3,1
1405,Food,Fish,Medium,21.09,544.1,4,0
1406,Accessory,Bird,Large,,1421.75,0,1
1407,Medicine,Cat,Small,25.12,998.18,7,0
1408,Accessory,Fish,Small,17.98,446.2,6,0
1409,Housing,Fish,Large,,791.34,0,0
1410,Equipment,Cat,Small,27.75,1024.28,6,0
1411,Equipment,Fish,Small,23.15,710.12,4,1
1412,Food,Fish,Small,25.85,737.24,4,0
1413,Equipment,Dog,Small,33.13,1114.69,5,1
1414,Accessory,Bird,Large,42.99,1420.28,5,0
1415,Equipment,Fish,Medium,18.24,517.65,4,1
1416,Equipment,Cat,Small,28.01,1030.87,7,1
1417,Equipment,Bird,Large,48.0,1873.47,3,1
1418,Equipment,Cat,Small,27.81,1022.77,5,0
1419,Food,Dog,Medium,31.13,895.97,5,1
1420,Housing,Cat,Small,26.0,829.64,4,1
1421,Toys,Cat,Medium,29.1,1083.16,5,1
1422,Accessory,Dog,Large,33.09,1062.99,5,0
1423,Accessory,Cat,Medium,17.93,512.64,6,1
1424,Food,Fish,Small,26.53,755.94,2,0
1425,Equipment,Cat,Small,27.9,1027.92,4,1
1426,Equipment,Fish,Medium,17.95,507.07,6,1
1427,Equipment,Cat,Medium,23.25,803.69,7,1
1428,Food,Fish,Small,25.71,724.38,4,1
1429,Housing,Fish,Medium,16.03,370.02,2,1
1430,Medicine,Cat,Medium,19.86,737.46,6,0
1431,Toys,Fish,Small,29.28,982.77,5,1
1432,Accessory,Bird,Large,43.04,1417.97,4,0
1433,Housing,Fish,Medium,16.07,370.91,2,1
1434,Equipment,Fish,Small,,708.15,0,0
1435,Medicine,Cat,Small,25.35,999.07,6,0
1436,Medicine,Fish,Small,,674.58,0,1
1437,Equipment,Dog,Small,32.9,1104.94,5,0
1438,Equipment,Cat,Small,27.75,1024.41,7,0
1439,Equipment,Cat,Small,27.89,1026.29,6,0
1440,Equipment,Cat,Medium,22.75,783.11,4,1
1441,Food,Bird,Large,51.06,1853.36,5,0
1442,Medicine,Fish,Medium,15.08,463.93,3,1
1443,Toys,Bird,Large,54.07,2255.96,8,1
1444,Toys,Dog,Medium,33.79,1143.62,4,1
1445,Food,Cat,Medium,26.0,839.11,3,0
1446,Medicine,Bird,Medium,35.07,1207.88,6,0
1447,Housing,Dog,Medium,26.09,674.68,1,1
1448,Medicine,Fish,Medium,,456.96,0,1
1449,Accessory,Bird,Large,42.98,1416.93,3,0
1450,Accessory,Fish,Small,17.94,443.36,5,0
1451,Toys,Dog,Medium,33.94,1155.59,3,0
1452,Equipment,Fish,Small,22.92,707.12,6,1
1453,Equipment,Cat,Small,28.09,1032.96,8,1
1454,Equipment,Cat,Small,28.14,1033.12,5,0
1455,Food,Fish,Medium,21.0,541.81,1,1
1456,Accessory,Dog,Large,33.08,1061.09,8,1
1457,Medicine,Dog,Small,29.79,1071.42,6,1
1458,Equipment,Cat,Small,27.85,1031.72,4,1
1459,Toys,Cat,Small,33.94,1355.68,7,0
1460,Toys,Cat,Small,33.78,1339.86,4,1
1461,Equipment,Cat,Small,28.25,1038.91,3,1
1462,Medicine,Bird,Medium,35.04,1204.44,4,1
1463,Food,Cat,Medium,26.11,835.34,6,1
1464,Accessory,Dog,Large,33.09,1060.98,7,0
1465,Accessory,Bird,Medium,33.04,856.44,4,1
1466,Housing,Cat,Medium,21.02,617.82,5,0
1467,Equipment,Cat,Medium,22.98,794.29,5,1
1468,Medicine,Cat,Small,24.91,982.9,6,0
1469,Food,Bird,Small,45.96,1468.75,5,0
1470,Equipment,Fish,Small,,710.47,0,0
1471,Equipment,Fish,Small,23.05,706.21,5,1
1472,Toys,Fish,Small,,976.63,0,0
1473,Equipment,Fish,Small,22.96,701.39,6,1
1474,Medicine,Dog,Small,29.81,1079.33,5,0
1475,Food,Bird,Medium,41.16,1213.07,3,0
1476,Toys,Cat,Medium,29.05,1079.45,7,1
1477,Housing,Bird,Large,,1567.31,0,1
1478,Housing,Cat,Small,25.78,819.79,5,0
1479,Accessory,Bird,Large,42.99,1419.96,4,0
1480,Housing,Fish,Large,26.01,780.17,3,1
1481,Food,Bird,Medium,40.98,1212.22,4,0
1482,Toys,Cat,Medium,29.0,1084.78,5,1
1483,Toys,Cat,Small,34.04,1352.33,5,1
1484,Equipment,Cat,Small,,1037.81,0,1
1485,Equipment,Cat,Small,28.03,1039.06,6,1
1486,Housing,Cat,Medium,21.01,615.22,3,1
1487,Toys,Fish,Small,29.1,981.97,4,1
1488,Medicine,Fish,Small,19.94,663.56,7,0
1489,Equipment,Fish,Small,23.25,713.67,3,1
1490,Accessory,Bird,Large,43.05,1427.33,4,0
1491,Medicine,Cat,Medium,20.14,746.16,7,1
1492,Toys,Cat,Small,34.23,1365.7,5,0
1493,Medicine,Cat,Small,24.95,993.08,7,1
1494,Housing,Fish,Small,21.0,535.9,3,1
1495,Medicine,Bird,Small,39.96,1478.99,3,0
1496,Food,Bird,Medium,40.91,1203.36,5,0
1497,Equipment,Dog,Small,32.89,1099.97,5,0
1498,Food,Fish,Small,25.79,724.02,3,0
1499,Medicine,Fish,Small,19.94,658.66,5,1
1500,Food,Cat,Medium,25.95,826.08,4,1
